[
  {
    "id": 1,
    "question": "What is the data type of the variable totalStudents?",
    "context": "totalStudents = 300",
    "options": [
      "A. str",
      "B. float",
      "C. int",
      "D. bool"
    ],
    "answer": "C"
  },
  {
    "id": 2,
    "question": "What is the output of print(\"subjectCode + subjectName + totalStudents\")?",
    "context": "subjectCode = \"MATH123\"; subjectName = \"Fundamental Mathematic\"; totalStudents = 300",
    "options": [
      "A. MATH123Fundamental Mathematic300",
      "B. subjectCode + subjectName + totalStudents",
      "C. Error",
      "D. MATH123 + Fundamental Mathematic + 300"
    ],
    "answer": "B"
  },
  {
    "id": 3,
    "question": "What is the output of print(\"I like the subject.\")?",
    "options": [
      "A. I like the subject.",
      "B. print(\"I like the subject.\")",
      "C. Error",
      "D. subject"
    ],
    "answer": "A"
  },
  {
    "id": 4,
    "question": "Which statement correctly prints your full name?",
    "options": [
      "A. print(John Smith)",
      "B. print(\"Full Name\")",
      "C. print(\"John Smith\")",
      "D. print('John', 'Smith')"
    ],
    "answer": "C"
  },
  {
    "id": 5,
    "question": "What is the output of print(subjectCode)?",
    "context": "subjectCode = \"MATH123\"",
    "options": [
      "A. subjectCode",
      "B. MATH123",
      "C. \"subjectCode\"",
      "D. Error"
    ],
    "answer": "B"
  },
  {
    "id": 6,
    "question": "What is the output of print(subjectCode + \"subjectName + totalStudents\")?",
    "context": "subjectCode = \"MATH123\"; subjectName = \"Fundamental Mathematic\"; totalStudents = 300",
    "options": [
      "A. subjectCode subjectName totalStudents",
      "B. MATH123 Fundamental Mathematic 300",
      "C. MATH123subjectName + totalStudents",
      "D. Error"
    ],
    "answer": "C"
  },
  {
    "id": 7,
    "question": "What is the output of print(subjectCode + \", \" + subjectName + \", \" + \"totalStudents\")?",
    "context": "subjectCode = \"MATH123\"; subjectName = \"Fundamental Mathematic\"; totalStudents = 300",
    "options": [
      "A. MATH123, Fundamental Mathematic, totalStudents",
      "B. MATH123, Fundamental Mathematic, 300",
      "C. subjectCode, subjectName, totalStudents",
      "D. Error"
    ],
    "answer": "A"
  },
  {
    "id": 8,
    "question": "Which print() statement outputs: MATH123 \u2013 Fundamental Mathematic subject has 6 credit points.",
    "options": [
      "A. print(subjectCode, \"-\", subjectName, \"subject has\", subjectCredit)",
      "B. print(subjectCode + \" \u2013 \" + subjectName + \" subject has \" + subjectCredit + \".\")",
      "C. print(\"MATH123 \u2013 Fundamental Mathematic subject has 6 credit points.\")",
      "D. All of the above"
    ],
    "answer": "B"
  },
  {
    "id": 9,
    "question": "How would you output: MATH123 \u2013 Fundamental Mathematic subject has \"6 credit points\".",
    "options": [
      "A. print(subjectCode + \" \u2013 \" + subjectName + \" subject has \" + subjectCredit + \".\")",
      "B. print(subjectCode + \" \u2013 \" + subjectName + \" subject has \\\"\" + subjectCredit + \"\\\".\")",
      "C. print(subjectCode + subjectName + subjectCredit)",
      "D. print(\"MATH123 - Fundamental Mathematic subject has \"6 credit points\".\")"
    ],
    "answer": "B"
  },
  {
    "id": 10,
    "question": "What is the output of: print(subjectCode + \": \" + str(totalStudents) + \" enrolled students, \" + str(aveFinalMark) + \" % average final grade.\")",
    "context": "subjectCode=\"MATH123\"; totalStudents=300; aveFinalMark=73.2022",
    "options": [
      "A. MATH123: 300 enrolled students, 73.2022 % average final grade.",
      "B. MATH123: totalStudents enrolled students, aveFinalMark % average final grade.",
      "C. Error",
      "D. MATH123 \u2013 300 \u2013 73.2022"
    ],
    "answer": "A"
  },
  {
    "id": 11,
    "question": "What happens when you run: print(totalStudents - totalDMarks)?",
    "context": "totalStudents = 300; totalDMarks = \"25\"",
    "options": [
      "A. 275",
      "B. 25",
      "C. Error due to type mismatch",
      "D. \"275\""
    ],
    "answer": "C"
  },
  {
    "id": 12,
    "question": "What is the result of this code? x = int(totalDMarks); print(x)",
    "context": "totalDMarks = \"25\"",
    "options": [
      "A. \"25\"",
      "B. 25",
      "C. Error",
      "D. None"
    ],
    "answer": "B"
  },
  {
    "id": 13,
    "question": "What is the result of print(totalStudents - int(totalDMarks))?",
    "context": "totalStudents = 300; totalDMarks = \"25\"",
    "options": [
      "A. 275",
      "B. 25",
      "C. Error",
      "D. None"
    ],
    "answer": "A"
  },
  {
    "id": 14,
    "question": "What is the result of the code below? x = str(totalStudents); print(totalStudents - totalDMarks)",
    "context": "totalStudents = 300; totalDMarks = \"25\"",
    "options": [
      "A. 275",
      "B. Error due to incompatible types",
      "C. \"275\"",
      "D. totalStudents - totalDMarks"
    ],
    "answer": "B"
  },
  {
    "id": 15,
    "question": "What is the output of the following code? print('COMP801'); print('Python Programming for Cyber Security'); print('Session 1 - 2023')",
    "options": [
      "A. Three lines with each phrase",
      "B. One line with all three phrases",
      "C. Error",
      "D. None"
    ],
    "answer": "A"
  },
  {
    "id": 16,
    "question": "What is the result of adding empty print() statements between lines as shown?",
    "context": "print(\"COMP801\"); print(); print(\"Python Programming for Cyber Security\"); print(); print(\"Session 1 - 2023\")",
    "options": [
      "A. Same as Q15",
      "B. Adds blank lines between outputs",
      "C. One line output",
      "D. Error"
    ],
    "answer": "B"
  },
  {
    "id": 17,
    "question": "What is the result of the code below? print(\"COMP801\", end=\", \"); print(\"Python Programming for Cyber Security\", end=\", \"); print(\"Session 1 - 2023\")",
    "options": [
      "A. Each phrase on its own line",
      "B. All phrases on one line separated by commas",
      "C. Error",
      "D. Missing comma"
    ],
    "answer": "B"
  },
  {
    "id": 18,
    "question": "Which is true about using end=\", \" in print()?",
    "options": [
      "A. It prints all values on one line",
      "B. It separates values with a comma",
      "C. It prevents the next line from starting a new row",
      "D. All of the above"
    ],
    "answer": "D"
  },
  {
    "id": 19,
    "question": "What is the result of comparing x = \"ngoc\" to other variables like \"ngoc \", \"Ngoc\" and \"NGOC\"?",
    "options": [
      "A. All comparisons are True",
      "B. Comparisons fail due to casing and whitespace",
      "C. Only x == x1 is True",
      "D. B and C"
    ],
    "answer": "D"
  }
]