[
  {
    "id": 1,
    "question": "In the given code, what is the main difference between lines (1) and (2)?",
    "context": "print(\"Please enter your first name: \")\nfirstName = input()\nlength = len(firstName)\nprint(firstName)\nprint(\"My first name is: \", firstName)  # (1)\nprint(\"My first name is: \" + firstName) # (2)\nprint(\"My first name has\", length, \"characters.\")\n",
    "options": [
      "A. (1) prints with automatic spacing between arguments; (2) concatenates strings.",
      "B. (1) causes a TypeError; (2) runs correctly.",
      "C. (1) and (2) are identical in both behavior and implementation.",
      "D. (1) requires str() around firstName; (2) does not."
    ],
    "answer": "A"
  },
  {
    "id": 2,
    "question": "Given the code, what is printed for the name and year lines?",
    "context": "fullName = \"Ngoc LE\"\ndob = \"27/02/2023\"\nnameList = fullName.split()\ndobList  = dob.split(\"/\")\nprint(\"Words in my full name: \", nameList)\nprint(\"elements in my date of birth: \", dobList)\nprint(\"My first name is:\", nameList[0])\nprint(\"My year of birth is:\", dobList[2])\n",
    "options": [
      "A. My first name is: Ngoc; My year of birth is: 2023",
      "B. My first name is: LE; My year of birth is: 27",
      "C. My first name is: Ngoc LE; My year of birth is: 02",
      "D. My first name is: Ngoc; My year of birth is: 02"
    ],
    "answer": "A"
  },
  {
    "id": 3,
    "question": "For input full name 'Ngoc LE' and DOB '27/02/2023', which output format is correct?",
    "options": [
      "A. My full name is: Ngoc LE; My date of birth is: 27-02-2023; My last name is: LE; My month of birth is: 02",
      "B. My full name is: LE Ngoc; My date of birth is: 27/02/2023; My last name is: Ngoc; My month of birth is: 27",
      "C. My full name is: Ngoc LE; My date of birth is: 27/02/2023; My last name is: LE; My month of birth is: 27",
      "D. My full name is: LE Ngoc; My date of birth is: 27-02-2023; My last name is: LE; My month of birth is: 2023"
    ],
    "answer": "A"
  },
  {
    "id": 4,
    "question": "What is printed by the code with x = 5?",
    "context": "x = 5\nif (x > 0):\n    print(x, \"is a positive number.\")\nif (x < 0):\n    print(x, \"is a negative number.\")\nif (x == 0):\n    print(x, \"is zero.\")\n",
    "options": [
      "A. 5 is a positive number.",
      "B. 5 is a negative number.",
      "C. 5 is zero.",
      "D. Nothing is printed."
    ],
    "answer": "A"
  },
  {
    "id": 5,
    "question": "If the user enters 34, which classification is correct?",
    "options": [
      "A. 34 is a positive and even number.",
      "B. 34 is a negative number.",
      "C. 34 is zero.",
      "D. 34 is an odd number."
    ],
    "answer": "A"
  },
  {
    "id": 6,
    "question": "For input n = 7, which sequence matches the described output list?",
    "options": [
      "A. 7, 6, 5, 4, 3, 2, 1",
      "B. 7, 5, 3, 1",
      "C. 1, 3, 5, 7",
      "D. 6, 4, 2, 0"
    ],
    "answer": "B"
  },
  {
    "id": 7,
    "question": "What does the code output? x = \"4\"; intVal = int(x); for i in range(0, intVal): print(i, end=\" \")",
    "options": [
      "A. 0 1 2 3",
      "B. 1 2 3 4",
      "C. 0 1 2 3 4",
      "D. 1 2 3"
    ],
    "answer": "A"
  },
  {
    "id": 8,
    "question": "For n = 5, what is printed for the sum from 1 to n?",
    "options": [
      "A. Sum of integer numbers from 1 to 5 is 15",
      "B. Sum of integer numbers from 1 to 5 is 10",
      "C. Sum of integer numbers from 1 to 5 is 5",
      "D. Sum of integer numbers from 1 to 5 is 20"
    ],
    "answer": "A"
  },
  {
    "id": 9,
    "question": "For n = 5, which series output is correct?",
    "options": [
      "A. 1 + 2 + 3 + 4 + 5 = 15",
      "B. 1 + 2 + 3 + 4 + 5 = 10",
      "C. 1 + 2 + 3 + 4 + 5 = 5",
      "D. 1 + 2 + 3 + 4 + 5 = 20"
    ],
    "answer": "A"
  },
  {
    "id": 10,
    "question": "For n = 5 (repeat exercise), which series output is correct?",
    "options": [
      "A. 1 + 2 + 3 + 4 + 5 = 15",
      "B. 1 + 2 + 3 + 4 + 5 = 10",
      "C. 1 + 2 + 3 + 4 + 5 = 5",
      "D. 1 + 2 + 3 + 4 + 5 = 20"
    ],
    "answer": "A"
  },
  {
    "id": 11,
    "question": "Which values are printed when listing numbers from 1..100 divisible by 3?",
    "options": [
      "A. 2 5 8 ... 98",
      "B. 3 6 9 ... 99",
      "C. 1 4 7 ... 100",
      "D. 5 10 15 ... 100"
    ],
    "answer": "B"
  },
  {
    "id": 12,
    "question": "What is the sum of even numbers from 1 to 100?",
    "options": [
      "A. 2450",
      "B. 2500",
      "C. 2550",
      "D. 2600"
    ],
    "answer": "C"
  },
  {
    "id": 13,
    "question": "Which is the correct list of descending multiples of 7 between 99 and 1?",
    "options": [
      "A. 99 92 85 ... 1",
      "B. 98 91 84 ... 7",
      "C. 97 90 83 ... 6",
      "D. 100 93 86 ... 2"
    ],
    "answer": "B"
  }
]